"1770","1",\N,"1"
"1770","2",\N,"2"
"1489","3",\N,"3"
"1489","4",\N,"4"
"1770","5",\N,"5"
"2183","6",\N,"6"
"1494","7",\N,"7"
"1494","10",\N,"8"
"1242","10",\N,"9"
"1494","9",\N,"10"
"1242","9",\N,"11"
"1494","8",\N,"12"
"1242","8",\N,"13"
"1494","11",\N,"14"
"1478","12",\N,"15"
"1332","13",\N,"16"
"1332","14",\N,"17"
"2568","17","1","1637"
"2568","19","1","1639"
"2568","18","1","1638"
"2568","20","1","1640"
"2569","33","1","1641"
"2202","21",\N,"36"
"2205","21",\N,"37"
"2450","21",\N,"38"
"2188","21",\N,"39"
"2202","22",\N,"40"
"2205","1141",\N,"41"
"2450","1144",\N,"42"
"2188","1145",\N,"43"
"1262","24",\N,"44"
"1262","25",\N,"45"
"1262","26",\N,"46"
"1292","27",\N,"47"
"1292","28",\N,"48"
"2111","29",\N,"49"
"2111","30",\N,"50"
"2228","31",\N,"51"
"1440","32",\N,"52"
"2570","36","1","1642"
"2456","34",\N,"56"
"2456","35",\N,"57"
"2571","115","1","1644"
"2571","114","1","1643"
"1276","37",\N,"61"
"1308","38",\N,"62"
"1649","41",\N,"63"
"1649","42",\N,"64"
"1659","39",\N,"65"
"1233","43",\N,"66"
"2199","45",\N,"67"
"1252","44",\N,"68"
"1233","46",\N,"69"
"1233","48",\N,"70"
"1233","49",\N,"71"
"1233","50",\N,"72"
"1233","51",\N,"73"
"1233","47",\N,"74"
"1233","52",\N,"75"
"1233","53",\N,"76"
"1252","54",\N,"77"
"1233","55",\N,"78"
"1233","56",\N,"79"
"1233","57",\N,"80"
"1233","61",\N,"81"
"1233","60",\N,"82"
"1233","59",\N,"83"
"1233","62",\N,"84"
"1233","63",\N,"85"
"1233","64",\N,"86"
"1233","65",\N,"87"
"1233","66",\N,"88"
"1233","58",\N,"89"
"1233","67",\N,"90"
"1233","68",\N,"91"
"1233","69",\N,"92"
"1233","70",\N,"93"
"1233","71",\N,"94"
"1233","72",\N,"95"
"1233","73",\N,"96"
"1233","74",\N,"97"
"1233","75",\N,"98"
"1233","76",\N,"99"
"1233","77",\N,"100"
"1233","78",\N,"101"
"1233","79",\N,"102"
"1233","80",\N,"103"
"1233","81",\N,"104"
"1233","82",\N,"105"
"1233","83",\N,"106"
"1233","84",\N,"107"
"1233","85",\N,"108"
"1233","86",\N,"109"
"1233","87",\N,"110"
"1233","88",\N,"111"
"1233","89",\N,"112"
"1233","90",\N,"113"
"1233","91",\N,"114"
"1233","92",\N,"115"
"1233","93",\N,"116"
"1233","94",\N,"117"
"1233","95",\N,"118"
"1233","96",\N,"119"
"1233","97",\N,"120"
"1233","98",\N,"121"
"1233","99",\N,"122"
"1233","100",\N,"123"
"1233","101",\N,"124"
"1233","102",\N,"125"
"1233","103",\N,"126"
"1233","104",\N,"127"
"1233","105",\N,"128"
"1233","106",\N,"129"
"1378","47",\N,"130"
"1378","107",\N,"131"
"1226","108",\N,"132"
"1969","109",\N,"133"
"1226","110",\N,"134"
"1257","111",\N,"135"
"1257","112",\N,"136"
"2571","129","1","1649"
"2573","128","1","1648"
"2573","127","1","1647"
"2572","116","1","1646"
"2571","116","1","1645"
"1257","117",\N,"146"
"1257","118",\N,"147"
"1257","119",\N,"148"
"1901","120",\N,"149"
"1901","121",\N,"150"
"1901","122",\N,"151"
"1257","123",\N,"152"
"1257","124",\N,"153"
"1257","125",\N,"154"
"1257","126",\N,"155"
"2563","131","1","1651"
"2571","130","1","1650"
"2574","145","1","1652"
"1249","132",\N,"170"
"1249","133",\N,"171"
"1788","134",\N,"172"
"1936","134",\N,"173"
"1578","136",\N,"174"
"1578","137",\N,"175"
"1574","136",\N,"176"
"1574","137",\N,"177"
"1444","136",\N,"178"
"1444","137",\N,"179"
"1574","138",\N,"180"
"1578","138",\N,"181"
"1578","139",\N,"182"
"1574","139",\N,"183"
"1298","139",\N,"184"
"1404","139",\N,"185"
"1426","139",\N,"186"
"1426","140",\N,"187"
"1332","140",\N,"188"
"1298","140",\N,"189"
"1404","140",\N,"190"
"1574","140",\N,"191"
"1578","140",\N,"192"
"1426","141",\N,"193"
"1332","141",\N,"194"
"1298","141",\N,"195"
"1404","141",\N,"196"
"1574","141",\N,"197"
"1587","141",\N,"198"
"1425","142",\N,"199"
"1332","142",\N,"200"
"1298","142",\N,"201"
"1404","142",\N,"202"
"1574","142",\N,"203"
"1587","142",\N,"204"
"1404","143",\N,"205"
"1574","143",\N,"206"
"2451","144",\N,"207"
"2575","151","1","1654"
"2575","150","1","1653"
"1389","148",\N,"211"
"1423","147",\N,"212"
"1389","146",\N,"213"
"1363","149",\N,"214"
"2575","160","1","1656"
"2575","159","1","1655"
"1363","152",\N,"221"
"1363","153",\N,"222"
"1363","154",\N,"223"
"1363","155",\N,"224"
"1389","156",\N,"225"
"1389","157",\N,"226"
"1389","158",\N,"227"
"2576","170","1","1658"
"2576","169","1","1657"
"1389","161",\N,"234"
"1389","162",\N,"235"
"1389","163",\N,"236"
"1389","164",\N,"237"
"1389","165",\N,"238"
"1389","166",\N,"239"
"1389","167",\N,"240"
"1389","168",\N,"241"
"2577","176","1","1659"
"1362","171",\N,"248"
"1423","171",\N,"249"
"1362","172",\N,"250"
"1423","173",\N,"251"
"1423","174",\N,"252"
"2575","177","1","1660"
"1575","179","1","1662"
"2575","178","1","1661"
"1363","180",\N,"265"
"1363","181",\N,"266"
"1363","182",\N,"267"
"2580","199","1","1669"
"2580","198","1","1668"
"2579","197","1","1667"
"2579","196","1","1666"
"2579","195","1","1665"
"1505","185",\N,"276"
"1405","186",\N,"277"
"1405","187",\N,"278"
"1405","188",\N,"279"
"1405","189",\N,"280"
"1405","190",\N,"281"
"1405","191",\N,"282"
"2072","191",\N,"283"
"1405","192",\N,"284"
"2072","192",\N,"285"
"1405","193",\N,"286"
"1405","194",\N,"290"
"2582","245","1","1671"
"2581","1146","1","1670"
"2133","200",\N,"298"
"1405","202",\N,"299"
"1405","203",\N,"300"
"1405","204",\N,"301"
"1405","205",\N,"302"
"1405","206",\N,"303"
"1405","207",\N,"304"
"1405","201",\N,"305"
"1405","208",\N,"306"
"1405","210",\N,"307"
"1405","211",\N,"308"
"1405","212",\N,"309"
"1405","213",\N,"310"
"1405","214",\N,"311"
"1405","209",\N,"312"
"1405","215",\N,"313"
"1405","216",\N,"314"
"1405","217",\N,"315"
"1635","218",\N,"316"
"1405","219",\N,"317"
"1405","220",\N,"318"
"1405","223",\N,"319"
"1405","222",\N,"320"
"1405","221",\N,"321"
"1448","224",\N,"322"
"1448","225",\N,"323"
"1448","226",\N,"324"
"1448","227",\N,"325"
"1448","228",\N,"326"
"1448","229",\N,"327"
"1448","230",\N,"328"
"1448","231",\N,"329"
"1448","232",\N,"330"
"1448","233",\N,"331"
"1537","244",\N,"332"
"1448","234",\N,"333"
"1448","235",\N,"334"
"1448","236",\N,"335"
"1448","237",\N,"336"
"1448","238",\N,"337"
"1448","239",\N,"338"
"1448","240",\N,"339"
"1448","241",\N,"340"
"1448","242",\N,"341"
"1448","243",\N,"342"
"2043","246",\N,"346"
"1309","247",\N,"347"
"1313","248",\N,"348"
"2583","250","1","1673"
"2585","253","1","1676"
"2584","252","1","1675"
"2583","251","1","1674"
"2586","277","1","1681"
"2586","276","1","1680"
"2586","275","1","1679"
"2586","274","1","1678"
"2586","273","1","1677"
"2197","254",\N,"365"
"1271","255",\N,"366"
"1271","256",\N,"367"
"1231","257",\N,"368"
"1231","258",\N,"369"
"2356","259",\N,"370"
"1231","260",\N,"371"
"2239","261",\N,"372"
"2239","262",\N,"373"
"2017","261",\N,"374"
"2017","262",\N,"375"
"2239","263",\N,"376"
"2239","264",\N,"377"
"2239","265",\N,"378"
"2239","266",\N,"379"
"2239","267",\N,"380"
"2239","268",\N,"381"
"2239","269",\N,"382"
"2239","270",\N,"383"
"2239","271",\N,"384"
"2239","272",\N,"385"
"2589","302","1","1698"
"2589","301","1","1697"
"2589","300","1","1696"
"2589","299","1","1695"
"2589","303","1","1694"
"2589","298","1","1693"
"2588","293","1","1692"
"2587","291","1","1691"
"2587","290","1","1690"
"2587","289","1","1689"
"2587","288","1","1688"
"2587","287","1","1687"
"2587","286","1","1686"
"2587","285","1","1685"
"2587","284","1","1684"
"2587","292","1","1683"
"2587","283","1","1682"
"1243","278",\N,"406"
"1363","279",\N,"407"
"1800","280",\N,"408"
"1800","281",\N,"409"
"1800","282",\N,"410"
"1438","280",\N,"411"
"1438","281",\N,"412"
"1438","282",\N,"413"
"2193","281",\N,"414"
"2193","280",\N,"415"
"2193","282",\N,"416"
"1438","294",\N,"450"
"1438","295",\N,"451"
"1438","296",\N,"452"
"1438","297",\N,"453"
"2193","294",\N,"454"
"2193","296",\N,"455"
"2193","297",\N,"456"
"2595","313","1","1707"
"2594","313","1","1706"
"2593","313","1","1705"
"2595","314","1","1704"
"2594","314","1","1703"
"2593","314","1","1702"
"2592","314","1","1701"
"2590","310","1","1699"
"3193","304",\N,"475"
"2602","382","1","1738"
"2602","381","1","1737"
"2602","380","1","1736"
"2602","377","1","1735"
"2602","376","1","1734"
"2601","373","1","1733"
"2600","369","1","1732"
"2600","368","1","1731"
"2600","367","1","1730"
"2590","349","1","1726"
"1438","309",\N,"490"
"1243","1147",\N,"491"
"2193","310",\N,"492"
"2591","312","1","1700"
"2590","332","1","1722"
"2590","331","1","1721"
"2596","325","1","1720"
"2595","318","1","1711"
"2589","317","1","1710"
"2587","316","1","1709"
"2587","315","1","1708"
"2595","1148","1","1719"
"2594","1149","1","1718"
"2593","1150","1","1717"
"2589","1151","1","1716"
"2595","324","1","1715"
"2596","322","1","1714"
"2589","319","1","1713"
"2594","321","1","1712"
"2193","323",\N,"519"
"1800","329",\N,"530"
"1800","330",\N,"531"
"2598","306","1","1725"
"2597","306","1","1724"
"2597","305","1","1723"
"1438","333",\N,"538"
"2193","334",\N,"539"
"2193","335",\N,"540"
"2193","336",\N,"541"
"1438","336",\N,"542"
"1438","337",\N,"543"
"2193","338",\N,"544"
"2193","340",\N,"545"
"1438","339",\N,"546"
"1438","340",\N,"547"
"2193","341",\N,"548"
"1438","342",\N,"549"
"1438","343",\N,"550"
"1438","344",\N,"551"
"2193","344",\N,"552"
"1438","345",\N,"553"
"2193","345",\N,"554"
"2193","346",\N,"555"
"2193","347",\N,"556"
"2193","348",\N,"557"
"2600","366","1","1729"
"2600","365","1","1728"
"2599","360","1","1727"
"1251","350",\N,"561"
"1251","351",\N,"562"
"1251","352",\N,"563"
"1251","353",\N,"564"
"1251","354",\N,"565"
"1530","355",\N,"566"
"1266","356",\N,"567"
"1446","357",\N,"568"
"1530","358",\N,"569"
"1530","359",\N,"570"
"1530","362","0","574"
"1530","361",\N,"575"
"1530","364",\N,"576"
"1966","370",\N,"597"
"1966","371",\N,"598"
"1966","372",\N,"599"
"1493","374",\N,"610"
"1319","375",\N,"611"
"1319","378",\N,"617"
"1601","378",\N,"623"
"1319","379",\N,"624"
"1601","379",\N,"625"
"2611","539","1","1753"
"2610","535","1","1752"
"2610","534","1","1751"
"2609","531","1","1750"
"2608","504","1","1749"
"2607","504","1","1748"
"2606","480","1","1747"
"2605","454","1","1746"
"2605","446","1","1745"
"2605","445","1","1744"
"2605","444","1","1743"
"2605","443","1","1742"
"2605","442","1","1741"
"2604","437","1","1740"
"2603","390","1","1739"
"1319","383",\N,"641"
"1319","384",\N,"642"
"1319","385",\N,"643"
"1319","386",\N,"644"
"1319","387",\N,"645"
"1293","389",\N,"646"
"1293","388",\N,"647"
"1266","1152",\N,"648"
"1292","1153",\N,"649"
"1530","1154",\N,"650"
"1773","1155",\N,"651"
"1775","389",\N,"652"
"1855","1157",\N,"653"
"1977","1158",\N,"654"
"2107","1159",\N,"655"
"1657","391",\N,"659"
"1657","393",\N,"660"
"1657","394",\N,"661"
"1657","395",\N,"662"
"1657","396",\N,"663"
"1657","397",\N,"664"
"1657","398",\N,"665"
"1657","399",\N,"666"
"1657","400",\N,"667"
"1657","392",\N,"668"
"1576","401",\N,"669"
"1576","402",\N,"670"
"1367","401",\N,"671"
"1367","402",\N,"672"
"1558","401",\N,"673"
"1558","402",\N,"674"
"1558","403",\N,"675"
"1657","404",\N,"676"
"1657","405",\N,"677"
"1657","406",\N,"678"
"1657","407",\N,"679"
"1576","408",\N,"680"
"1558","409",\N,"681"
"1657","411",\N,"682"
"1657","412",\N,"683"
"1657","413",\N,"684"
"1657","414",\N,"685"
"1657","410",\N,"686"
"1576","415",\N,"687"
"1558","415",\N,"688"
"1258","416",\N,"689"
"1576","416",\N,"690"
"1576","417",\N,"691"
"1576","418",\N,"692"
"1576","419",\N,"693"
"1576","420",\N,"694"
"1576","421",\N,"695"
"1576","422",\N,"696"
"1657","422",\N,"697"
"1258","422",\N,"698"
"1258","423",\N,"699"
"1258","424",\N,"700"
"1657","425",\N,"701"
"1576","426",\N,"702"
"1576","427",\N,"703"
"1558","426",\N,"704"
"1558","427",\N,"705"
"1558","428",\N,"706"
"1645","429",\N,"707"
"1425","430",\N,"708"
"1425","431",\N,"709"
"1483","432",\N,"710"
"1258","433",\N,"711"
"1457","433",\N,"712"
"1258","434",\N,"713"
"1457","1160",\N,"714"
"1457","435",\N,"715"
"1258","493",\N,"716"
"1457","493",\N,"717"
"1501","493",\N,"718"
"1457","438",\N,"725"
"1457","439",\N,"726"
"1457","440",\N,"727"
"1457","441",\N,"728"
"1258","447",\N,"759"
"1258","448",\N,"760"
"1258","449",\N,"761"
"1457","450",\N,"762"
"1457","451",\N,"763"
"1457","452",\N,"764"
"1457","453",\N,"765"
"1258","1161",\N,"766"
"1423","1216",\N,"1926"
"1363","1215",\N,"1925"
"1558","1218",\N,"1924"
"1457","455",\N,"773"
"1457","456",\N,"774"
"1457","457",\N,"775"
"1457","458",\N,"776"
"1457","459",\N,"777"
"1321","460",\N,"778"
"2279","460",\N,"779"
"1321","461",\N,"780"
"2279","461",\N,"781"
"2279","462",\N,"782"
"1321","463",\N,"783"
"1321","464",\N,"784"
"1321","465",\N,"785"
"1321","466",\N,"786"
"1321","467",\N,"787"
"1321","468",\N,"788"
"1321","469",\N,"789"
"1321","470",\N,"790"
"1321","471",\N,"791"
"1321","472",\N,"792"
"1589","473",\N,"793"
"2122","475",\N,"794"
"2122","476",\N,"795"
"2227","477",\N,"796"
"2227","478",\N,"797"
"1558","1217",\N,"1923"
"2664","1214",\N,"1922"
"2664","1213",\N,"1921"
"2664","1212",\N,"1920"
"2664","1211",\N,"1919"
"2664","1210",\N,"1918"
"2664","1209",\N,"1917"
"2664","1208",\N,"1916"
"2664","1207",\N,"1915"
"2664","1206",\N,"1914"
"2664","1205",\N,"1913"
"2663","1205",\N,"1912"
"1608","481",\N,"810"
"1252","481",\N,"811"
"1375","483",\N,"812"
"1372","483",\N,"813"
"1372","487",\N,"814"
"1372","484",\N,"815"
"1372","485",\N,"816"
"1372","486",\N,"817"
"1375","483",\N,"818"
"1375","484",\N,"819"
"1375","485",\N,"820"
"1375","486",\N,"821"
"1375","487",\N,"822"
"1486","483",\N,"823"
"1486","484",\N,"824"
"1486","485",\N,"825"
"1486","486",\N,"826"
"1486","487",\N,"827"
"1486","488",\N,"828"
"1375","489",\N,"829"
"1486","490",\N,"830"
"1296","491",\N,"831"
"1258","436",\N,"832"
"1457","436",\N,"833"
"1501","436",\N,"834"
"1941","494",\N,"835"
"2170","496",\N,"836"
"1941","496",\N,"837"
"1372","497",\N,"838"
"1372","498",\N,"839"
"1372","499",\N,"840"
"1501","500",\N,"841"
"1501","501",\N,"842"
"1501","502",\N,"843"
"1372","503",\N,"844"
"1576","1204",\N,"1911"
"2664","1202",\N,"1910"
"2664","1201",\N,"1909"
"1501","505",\N,"848"
"1258","505",\N,"849"
"1288","505",\N,"850"
"1501","506",\N,"851"
"1258","506",\N,"852"
"1372","506",\N,"853"
"1372","507",\N,"854"
"1501","508",\N,"855"
"1372","509",\N,"856"
"1501","509","0","857"
"1258","509",\N,"858"
"1501","510",\N,"859"
"1501","511",\N,"860"
"1501","512",\N,"861"
"1252","513",\N,"862"
"1252","514",\N,"863"
"1252","515",\N,"864"
"1252","516",\N,"865"
"2664","1200",\N,"1908"
"2664","1203",\N,"1907"
"2664","1199",\N,"1906"
"1252","518",\N,"869"
"1252","519",\N,"870"
"1252","520",\N,"871"
"1252","521",\N,"872"
"1252","522",\N,"873"
"1252","523",\N,"874"
"2211","524",\N,"875"
"2211","525",\N,"876"
"1252","526",\N,"877"
"1532","526",\N,"878"
"1252","527",\N,"879"
"1252","528",\N,"880"
"1252","529",\N,"881"
"1252","530",\N,"882"
"2664","1198",\N,"1905"
"2663","1199",\N,"1904"
"2663","1198",\N,"1903"
"2664","1197",\N,"1901"
"2664","1196",\N,"1900"
"2664","1195",\N,"1899"
"2664","1194",\N,"1898"
"2663","1197",\N,"1897"
"1623","532",\N,"891"
"1595","532",\N,"892"
"1669","532",\N,"893"
"1611","533",\N,"894"
"2578","184","1","1664"
"2578","183","1","1663"
"2663","1196",\N,"1896"
"2663","1195",\N,"1895"
"2663","1194",\N,"1894"
"2663","1193",\N,"1893"
"2664","1193",\N,"1892"
"2664","1192",\N,"1891"
"2583","249","1","1672"
"2663","1191",\N,"1890"
"2664","1191",\N,"1889"
"2664","1190",\N,"1888"
"2664","1189",\N,"1887"
"2663","1189",\N,"1886"
"2660","1188","1","1885"
"1530","1187",\N,"1884"
"2661","1186","1","1883"
"2661","1185","1","1882"
"1262","1183",\N,"1881"
"2659","1184","1","1880"
"2617","738","1","1765"
"2616","674","1","1764"
"2616","673","1","1763"
"1444","23",\N,"918"
"2616","672","1","1762"
"2615","635","1","1761"
"2614","634","1","1760"
"2614","633","1","1759"
"2614","632","1","1758"
"1625","538",\N,"924"
"2613","590","1","1757"
"2612","590","1","1756"
"2613","589","1","1755"
"2612","589","1","1754"
"1449","540",\N,"929"
"1449","541",\N,"930"
"2200","542",\N,"931"
"2200","543",\N,"932"
"1449","544",\N,"933"
"1449","545",\N,"934"
"2200","546",\N,"935"
"1449","547",\N,"936"
"1449","548",\N,"937"
"2200","549",\N,"938"
"2200","550",\N,"939"
"2200","551",\N,"940"
"2200","552",\N,"941"
"2202","553",\N,"942"
"2188","553",\N,"943"
"1444","554",\N,"944"
"1392","555",\N,"945"
"1444","555",\N,"946"
"1444","556",\N,"947"
"1444","557",\N,"948"
"1444","558",\N,"949"
"1444","559",\N,"950"
"1444","561",\N,"951"
"1444","560",\N,"952"
"1456","1162",\N,"953"
"1558","1164",\N,"954"
"1657","1165",\N,"955"
"1444","562",\N,"956"
"1264","563",\N,"957"
"1264","564",\N,"958"
"1444","563",\N,"959"
"1444","564",\N,"960"
"1392","563",\N,"961"
"1392","564",\N,"962"
"1392","565",\N,"963"
"1444","565",\N,"964"
"1444","566",\N,"965"
"1444","567",\N,"966"
"1574","541",\N,"967"
"1444","541",\N,"968"
"1444","569",\N,"969"
"1444","570",\N,"970"
"1444","571",\N,"971"
"1444","572",\N,"972"
"1444","573",\N,"973"
"1444","574",\N,"974"
"1444","575",\N,"975"
"1444","576",\N,"976"
"1444","577",\N,"977"
"1444","578",\N,"978"
"1404","579",\N,"979"
"1574","579",\N,"980"
"1578","580",\N,"981"
"1404","580",\N,"982"
"1574","580",\N,"983"
"1578","579",\N,"984"
"1444","581",\N,"985"
"1444","582",\N,"986"
"1444","583",\N,"987"
"2655","1100","1","1815"
"2655","1099","1","1814"
"2655","1098","1","1813"
"2655","1097","1","1812"
"2655","1122","1","1811"
"2655","1096","1","1810"
"2655","1095","1","1809"
"2655","1094","1","1808"
"2655","1093","1","1807"
"2655","1092","1","1806"
"1444","536",\N,"998"
"1444","537",\N,"999"
"1537","586",\N,"1000"
"1537","587",\N,"1001"
"1444","586",\N,"1002"
"1444","588",\N,"1003"
"1444","591",\N,"1004"
"1258","591",\N,"1005"
"1438","1182",\N,"1879"
"1262","1181",\N,"1878"
"1258","1180",\N,"1877"
"1321","1179",\N,"1876"
"1293","1178",\N,"1875"
"1257","1177",\N,"1874"
"2586","1176","1","1873"
"1274","1175",\N,"1872"
"1423","1174",\N,"1871"
"1448","1173",\N,"1870"
"1589","1172",\N,"1869"
"1233","1171",\N,"1868"
"1258","1170",\N,"1867"
"1649","1169",\N,"1866"
"1262","950",\N,"1865"
"1448","952",\N,"1864"
"1370","954",\N,"1863"
"1537","953",\N,"1862"
"1405","951",\N,"1861"
"1274","949",\N,"1860"
"1274","948",\N,"1859"
"1274","947",\N,"1858"
"1274","946",\N,"1857"
"2554","926","1","1797"
"2554","925","1","1796"
"2554","924","1","1795"
"2082","592",\N,"1032"
"2082","593",\N,"1033"
"2082","594",\N,"1034"
"1444","595",\N,"1035"
"1444","596",\N,"1036"
"1444","597",\N,"1037"
"1444","598",\N,"1038"
"1392","598",\N,"1039"
"1444","599",\N,"1040"
"2082","600",\N,"1041"
"1444","601",\N,"1042"
"1296","601",\N,"1043"
"1457","602",\N,"1044"
"1537","603",\N,"1045"
"1537","604",\N,"1046"
"1537","605",\N,"1047"
"1448","603",\N,"1048"
"1448","604",\N,"1049"
"1537","607",\N,"1050"
"1448","606",\N,"1051"
"1448","607",\N,"1052"
"1448","608",\N,"1053"
"1370","608",\N,"1054"
"1312","609",\N,"1055"
"1370","609",\N,"1056"
"1448","609",\N,"1057"
"1370","610",\N,"1058"
"1370","611",\N,"1059"
"1312","612",\N,"1060"
"1448","612",\N,"1061"
"1448","613",\N,"1062"
"1448","614",\N,"1063"
"1448","615",\N,"1064"
"1268","616",\N,"1065"
"1268","617",\N,"1066"
"1268","618",\N,"1067"
"1542","619",\N,"1068"
"1899","620",\N,"1069"
"1258","621",\N,"1070"
"1654","622",\N,"1071"
"1258","623",\N,"1072"
"1258","624",\N,"1073"
"1768","625",\N,"1074"
"1315","627",\N,"1075"
"1262","628",\N,"1076"
"1262","629",\N,"1077"
"1262","630",\N,"1078"
"1262","631",\N,"1079"
"2620","888","1","1794"
"2620","887","1","1793"
"2620","884","1","1792"
"2620","883","1","1791"
"2620","882","1","1790"
"2620","881","1","1789"
"1289","636",\N,"1086"
"1289","637",\N,"1087"
"1243","320",\N,"1088"
"1770","638",\N,"1089"
"1274","639",\N,"1090"
"1274","640",\N,"1091"
"1274","641",\N,"1092"
"1274","648",\N,"1093"
"1274","642",\N,"1094"
"1274","647",\N,"1095"
"1274","646",\N,"1096"
"1274","643",\N,"1097"
"1274","644",\N,"1098"
"1274","645",\N,"1099"
"1274","649",\N,"1100"
"1274","650",\N,"1101"
"1274","651",\N,"1102"
"1274","652",\N,"1103"
"1274","653",\N,"1104"
"1274","654",\N,"1105"
"1274","655",\N,"1106"
"1274","656",\N,"1107"
"1274","657",\N,"1108"
"1400","657",\N,"1109"
"1274","658",\N,"1110"
"1400","658",\N,"1111"
"1274","659",\N,"1112"
"1274","660",\N,"1113"
"1274","661",\N,"1114"
"1274","662",\N,"1115"
"1274","663",\N,"1116"
"1274","664",\N,"1117"
"1274","665",\N,"1118"
"1274","666",\N,"1119"
"1507","667",\N,"1120"
"1507","668",\N,"1121"
"1507","669",\N,"1122"
"2433","670",\N,"1123"
"2433","671",\N,"1124"
"2620","880","1","1788"
"2620","879","1","1787"
"2620","878","1","1786"
"2620","877","1","1785"
"2620","876","1","1784"
"2620","875","1","1783"
"2620","874","1","1782"
"2620","885","1","1781"
"2620","873","1","1780"
"2551","859","1","1779"
"2551","858","1","1778"
"2551","857","1","1777"
"2551","856","1","1776"
"2551","855","1","1775"
"2550","863","1","1774"
"2550","862","1","1773"
"2550","857","1","1772"
"2550","861","1","1771"
"2550","860","1","1770"
"2550","855","1","1769"
"2619","838","1","1768"
"1507","675",\N,"1146"
"1507","676",\N,"1147"
"1507","677",\N,"1148"
"1469","678",\N,"1149"
"1469","679",\N,"1150"
"1336","680",\N,"1151"
"1469","681",\N,"1152"
"1336","682",\N,"1153"
"1806","683",\N,"1154"
"1469","684",\N,"1155"
"2517","685",\N,"1156"
"1258","686",\N,"1157"
"1258","687",\N,"1158"
"1258","688",\N,"1159"
"1258","689",\N,"1160"
"1258","692",\N,"1161"
"1258","690",\N,"1162"
"1431","691",\N,"1163"
"1258","693",\N,"1164"
"1654","694",\N,"1165"
"1258","695",\N,"1166"
"2041","696",\N,"1167"
"2072","696",\N,"1168"
"1258","697",\N,"1169"
"1258","698",\N,"1170"
"1258","699",\N,"1171"
"1654","700",\N,"1172"
"1258","701",\N,"1173"
"1258","702",\N,"1174"
"1344","703",\N,"1175"
"1344","704",\N,"1176"
"1258","705",\N,"1177"
"1258","706",\N,"1178"
"1258","707",\N,"1179"
"1372","707",\N,"1180"
"1501","707",\N,"1181"
"1258","708",\N,"1182"
"1258","709",\N,"1183"
"1258","710",\N,"1184"
"1258","711",\N,"1185"
"1258","712",\N,"1186"
"1258","713",\N,"1187"
"1258","714",\N,"1188"
"1258","715",\N,"1189"
"1258","716",\N,"1190"
"1258","717",\N,"1191"
"1258","718",\N,"1192"
"1258","719",\N,"1193"
"1258","720",\N,"1194"
"1258","721",\N,"1195"
"1258","722",\N,"1196"
"1258","723",\N,"1197"
"1258","724",\N,"1198"
"1258","725",\N,"1199"
"1258","726",\N,"1200"
"1258","727",\N,"1202"
"1258","728",\N,"1203"
"1258","729",\N,"1204"
"1258","730",\N,"1205"
"1258","731",\N,"1206"
"1258","732",\N,"1207"
"1258","733",\N,"1208"
"1258","734",\N,"1209"
"1258","735",\N,"1210"
"1258","736",\N,"1211"
"1542","737",\N,"1212"
"2619","837","1","1767"
"2618","739","1","1766"
"2633","1140",\N,"1856"
"2633","1139",\N,"1855"
"2041","740",\N,"1217"
"2041","741",\N,"1218"
"2041","742",\N,"1219"
"2041","743",\N,"1220"
"2041","744",\N,"1221"
"2041","745",\N,"1222"
"2041","746",\N,"1223"
"1736","747",\N,"1225"
"2041","747",\N,"1226"
"2041","748",\N,"1227"
"1296","752",\N,"1228"
"1296","749",\N,"1229"
"1296","750",\N,"1230"
"1296","751",\N,"1231"
"1654","753",\N,"1232"
"1654","754",\N,"1233"
"1654","755",\N,"1234"
"1405","756",\N,"1235"
"1405","759",\N,"1236"
"1405","762",\N,"1237"
"1405","760",\N,"1238"
"1405","761",\N,"1239"
"1258","756",\N,"1240"
"1258","757",\N,"1241"
"1258","758",\N,"1242"
"1258","760",\N,"1243"
"1258","761",\N,"1244"
"1258","762",\N,"1245"
"1258","763",\N,"1246"
"1542","764",\N,"1247"
"1258","765",\N,"1248"
"1262","766",\N,"1249"
"1344","1166",\N,"1250"
"1258","767",\N,"1251"
"1344","768",\N,"1252"
"1747","769",\N,"1253"
"1747","770",\N,"1254"
"1542","771",\N,"1255"
"1258","772",\N,"1256"
"1258","773",\N,"1257"
"1258","774",\N,"1258"
"1258","775",\N,"1259"
"1258","776",\N,"1260"
"1258","777",\N,"1261"
"1542","778",\N,"1262"
"1258","779",\N,"1263"
"1452","780",\N,"1264"
"1654","781",\N,"1265"
"1344","783",\N,"1266"
"1344","784",\N,"1267"
"1344","782",\N,"1268"
"1542","785",\N,"1269"
"1542","786",\N,"1270"
"1542","787",\N,"1271"
"1542","788",\N,"1272"
"1542","789",\N,"1273"
"1537","791",\N,"1274"
"1370","790",\N,"1275"
"1358","792",\N,"1276"
"1358","793",\N,"1277"
"1358","794",\N,"1278"
"1358","795",\N,"1279"
"1358","796",\N,"1280"
"1555","796",\N,"1281"
"1358","797",\N,"1282"
"1358","799",\N,"1283"
"1358","800",\N,"1284"
"1358","801",\N,"1285"
"2204","802",\N,"1286"
"2204","803",\N,"1287"
"2461","804",\N,"1288"
"1360","805",\N,"1289"
"1360","806",\N,"1290"
"1433","807",\N,"1291"
"1580","808",\N,"1292"
"1580","809",\N,"1293"
"1580","810",\N,"1294"
"1558","811",\N,"1295"
"1558","812",\N,"1296"
"1367","813",\N,"1297"
"1367","814",\N,"1298"
"1558","813",\N,"1299"
"1558","814",\N,"1300"
"1558","815",\N,"1301"
"1558","816",\N,"1302"
"1558","817",\N,"1303"
"1558","818",\N,"1304"
"1558","819",\N,"1305"
"2238","820",\N,"1306"
"1558","820",\N,"1307"
"1326","821",\N,"1308"
"1331","821",\N,"1309"
"1456","822",\N,"1310"
"2159","822",\N,"1311"
"1456","823",\N,"1312"
"1456","824",\N,"1313"
"1456","825",\N,"1314"
"1456","826",\N,"1315"
"1456","827",\N,"1316"
"1456","828",\N,"1317"
"1456","829",\N,"1318"
"1456","830",\N,"1319"
"1456","831",\N,"1320"
"1456","832",\N,"1321"
"1456","833",\N,"1322"
"1456","834",\N,"1323"
"1456","835",\N,"1324"
"2159","836",\N,"1325"
"2651","1138",\N,"1854"
"2651","1137","0","1853"
"2632","1138",\N,"1852"
"2632","1137",\N,"1851"
"2658","1136","1","1850"
"2631","1135",\N,"1849"
"2631","1134",\N,"1848"
"2631","1133",\N,"1847"
"2191","839",\N,"1334"
"2191","840",\N,"1335"
"2199","841",\N,"1336"
"2199","842",\N,"1337"
"2199","843",\N,"1338"
"2199","847",\N,"1339"
"2199","844",\N,"1340"
"2199","845",\N,"1341"
"2211","844",\N,"1342"
"2211","845",\N,"1343"
"2211","846",\N,"1344"
"2211","848",\N,"1345"
"2199","848",\N,"1346"
"2199","849",\N,"1347"
"2199","850",\N,"1348"
"2199","851",\N,"1349"
"2199","852",\N,"1350"
"2199","853",\N,"1351"
"2199","854",\N,"1352"
"2631","1132",\N,"1846"
"2657","1131","1","1845"
"2656","1130","1","1844"
"2626","1129","1","1843"
"2626","1128","1","1842"
"2655","1127","1","1841"
"2655","1126","1","1840"
"2655","1125","1","1839"
"2655","1124","1","1838"
"2655","1123","1","1837"
"2655","1121","1","1836"
"1364","864",\N,"1364"
"1691","865",\N,"1365"
"1691","866",\N,"1366"
"1590","867",\N,"1367"
"2235","868",\N,"1368"
"2255","870",\N,"1369"
"2255","871",\N,"1370"
"2252","870",\N,"1371"
"2243","871",\N,"1372"
"2224","872",\N,"1373"
"2655","1120","1","1835"
"2655","1119","1","1834"
"2655","1118","1","1833"
"2655","1117","1","1832"
"2655","1116","1","1831"
"2655","1115","1","1830"
"2655","1114","1","1829"
"2655","1113","1","1828"
"2655","1112","1","1827"
"2655","1111","1","1826"
"2655","1110","1","1825"
"2655","1109","1","1824"
"2562","997","1","1805"
"1852","874","0","1387"
"1852","875",\N,"1388"
"1852","877",\N,"1389"
"1852","881",\N,"1390"
"1852","882",\N,"1391"
"1852","883",\N,"1392"
"1852","884",\N,"1393"
"1852","885",\N,"1394"
"1852","886",\N,"1395"
"2624","979","1","1804"
"2623","978","1","1803"
"1572","889",\N,"1398"
"1288","890",\N,"1399"
"1288","891",\N,"1400"
"1288","892",\N,"1401"
"1288","893",\N,"1402"
"1288","894",\N,"1403"
"2232","895",\N,"1404"
"2232","896",\N,"1405"
"2232","897",\N,"1406"
"2232","898",\N,"1407"
"1288","899",\N,"1408"
"1288","900",\N,"1409"
"1288","901",\N,"1410"
"1288","902",\N,"1411"
"1544","902",\N,"1412"
"1654","902",\N,"1413"
"1576","902",\N,"1414"
"1657","902",\N,"1415"
"1288","903",\N,"1416"
"1544","903",\N,"1417"
"1444","904",\N,"1418"
"1392","904",\N,"1419"
"1579","904",\N,"1420"
"1288","905",\N,"1421"
"1288","906",\N,"1422"
"1288","907",\N,"1423"
"1288","908",\N,"1424"
"1288","909",\N,"1425"
"1288","910",\N,"1426"
"1288","911",\N,"1427"
"1288","912",\N,"1428"
"1288","913",\N,"1429"
"1288","914",\N,"1430"
"2232","915",\N,"1431"
"1258","916",\N,"1432"
"1288","916",\N,"1433"
"1457","916",\N,"1434"
"2622","941","1","1802"
"2622","940","1","1801"
"1562","919",\N,"1437"
"1562","920",\N,"1438"
"1562","921",\N,"1439"
"1487","922",\N,"1440"
"1385","923",\N,"1441"
"1385","924",\N,"1442"
"1385","925",\N,"1443"
"1385","926",\N,"1444"
"2263","924",\N,"1445"
"2263","925",\N,"1446"
"2263","926",\N,"1447"
"2622","939","1","1800"
"2622","937","1","1799"
"2621","936","1","1798"
"1385","927",\N,"1451"
"1444","928",\N,"1452"
"1392","928",\N,"1453"
"1296","929",\N,"1454"
"1385","930",\N,"1455"
"1385","931",\N,"1456"
"1385","932",\N,"1457"
"1385","933",\N,"1458"
"1385","934",\N,"1459"
"1385","935",\N,"1460"
"2655","1105","1","1820"
"2655","1104","1","1819"
"2655","1103","1","1818"
"2655","1102","1","1817"
"2655","1101","1","1816"
"1370","942",\N,"1466"
"1370","943",\N,"1467"
"1448","943",\N,"1468"
"1537","943",\N,"1469"
"1370","944",\N,"1470"
"1448","945",\N,"1471"
"1360","944",\N,"1472"
"1399","955",\N,"1473"
"1284","956",\N,"1474"
"1284","957",\N,"1475"
"1284","958",\N,"1476"
"1284","959",\N,"1477"
"1284","960",\N,"1478"
"1284","961",\N,"1479"
"1284","962",\N,"1480"
"1333","963",\N,"1481"
"1673","964",\N,"1482"
"1673","965",\N,"1483"
"1673","966",\N,"1484"
"1673","967",\N,"1485"
"1673","968",\N,"1486"
"1283","969",\N,"1487"
"1283","970","0","1488"
"1386","971",\N,"1489"
"1386","972",\N,"1490"
"1401","973",\N,"1491"
"1441","973",\N,"1492"
"1444","973",\N,"1493"
"2557","973",\N,"1494"
"1399","973",\N,"1495"
"1523","975",\N,"1496"
"2557","977",\N,"1497"
"2655","1107","1","1822"
"2655","1106","1","1821"
"1453","980",\N,"1500"
"1453","981",\N,"1501"
"1312","983",\N,"1502"
"1312","984",\N,"1503"
"1312","985",\N,"1504"
"1312","986",\N,"1505"
"1537","987",\N,"1506"
"1444","987",\N,"1507"
"1444","988",\N,"1508"
"1537","989",\N,"1509"
"1537","990",\N,"1510"
"1444","991",\N,"1511"
"1360","992",\N,"1512"
"1360","993",\N,"1513"
"1360","995",\N,"1514"
"1257","992",\N,"1515"
"1332","993",\N,"1516"
"1374","994",\N,"1517"
"1396","994",\N,"1518"
"1312","994",\N,"1519"
"1448","994",\N,"1520"
"1537","994",\N,"1521"
"1257","994",\N,"1522"
"1332","994",\N,"1523"
"1257","995",\N,"1524"
"1374","995",\N,"1525"
"1396","995",\N,"1526"
"1332","995",\N,"1527"
"1374","996",\N,"1528"
"1360","1167",\N,"1529"
"2655","1108","1","1823"
"1367","998",\N,"1531"
"1367","999",\N,"1532"
"1367","1000",\N,"1533"
"1367","1001",\N,"1534"
"1367","1002",\N,"1535"
"1367","1003",\N,"1536"
"1367","1004",\N,"1537"
"1367","1005",\N,"1538"
"1367","1006",\N,"1539"
"1367","1007",\N,"1540"
"1367","1008",\N,"1541"
"1367","1009",\N,"1542"
"1367","1010",\N,"1543"
"1367","1011",\N,"1544"
"1367","1012",\N,"1545"
"1367","1013",\N,"1546"
"1367","1014",\N,"1547"
"1367","1015",\N,"1549"
"1367","1016",\N,"1550"
"1367","1017",\N,"1551"
"1367","1018",\N,"1552"
"1367","1019",\N,"1553"
"1367","1020",\N,"1554"
"1367","1021",\N,"1555"
"1367","1022",\N,"1556"
"1367","1023",\N,"1557"
"1367","1024",\N,"1558"
"1367","1025",\N,"1559"
"2563","1026",\N,"1560"
"2563","1027",\N,"1561"
"2563","1028",\N,"1562"
"2563","1029",\N,"1563"
"2563","1030",\N,"1564"
"1367","1031",\N,"1565"
"1367","1032",\N,"1566"
"1367","1033",\N,"1567"
"1367","1034",\N,"1568"
"1367","1035",\N,"1569"
"1367","1036",\N,"1570"
"1643","1050",\N,"1571"
"1426","1037",\N,"1572"
"1426","1038",\N,"1573"
"1426","1039",\N,"1574"
"1426","1040",\N,"1575"
"1426","1041",\N,"1576"
"1426","1042",\N,"1577"
"1426","1043",\N,"1578"
"1426","1044",\N,"1579"
"1426","1045",\N,"1580"
"1426","1046",\N,"1581"
"1426","1047",\N,"1582"
"1426","1048",\N,"1583"
"1426","1049",\N,"1584"
"1671","1051",\N,"1585"
"1720","1052",\N,"1586"
"1720","1053",\N,"1587"
"1720","1054",\N,"1588"
"2472","1055",\N,"1589"
"2559","1056",\N,"1590"
"2557","1057",\N,"1591"
"2564","1058","1","1592"
"2564","1059","1","1593"
"2557","1059",\N,"1594"
"2564","1060","1","1595"
"2564","1061","1","1596"
"2564","1062","1","1597"
"2564","1063","1","1598"
"2564","1064","1","1599"
"2564","1065","1","1600"
"2564","1066","1","1601"
"2559","1067",\N,"1602"
"2559","1068",\N,"1603"
"2557","1069",\N,"1604"
"2557","1070",\N,"1605"
"2557","1071",\N,"1606"
"2557","1072",\N,"1607"
"2557","1073",\N,"1608"
"2557","1074",\N,"1609"
"2564","1075","1","1610"
"2565","1075","1","1611"
"2564","1076","1","1612"
"2565","1076","1","1613"
"2564","1077","1","1614"
"2565","1077","1","1615"
"2564","1078","1","1616"
"2565","1078","1","1617"
"2559","1075",\N,"1618"
"2559","1076",\N,"1619"
"2559","1077",\N,"1620"
"2559","1078",\N,"1621"
"2557","1079",\N,"1622"
"2557","1080",\N,"1623"
"2557","1081",\N,"1624"
"2557","1082",\N,"1625"
"2557","1084",\N,"1626"
"2557","1085",\N,"1627"
"2566","1080","1","1628"
"2566","1081","1","1629"
"2566","1082","1","1630"
"2566","1085","1","1631"
"2558","1087",\N,"1632"
"2558","1088",\N,"1633"
"2558","1089",\N,"1634"
"2567","15","1","1635"
"2567","16","1","1636"
"2566","1219","1","1927"
"2575","1220","1","1928"
"2575","1221","1","1929"
"2575","1222","1","1930"
"2575","1223","1","1931"
"2587","1224","1","1932"
"2590","1224","1","1933"
"2587","1225","1","1934"
"2590","1225","1","1935"
"2587","1226","1","1936"
"2590","1226","1","1937"
"2587","1227","1","1938"
"2587","1228","1","1939"
"2690","1229","1","1940"
"2690","1230","1","1941"
"2690","1231","1","1942"
"2590","1232","1","1943"
"2590","1233","1","1944"
"2590","1234","1","1945"
"2590","1235","1","1946"
"2590","1236","1","1947"
"2590","1237","1","1948"
"2587","1232","1","1949"
"2587","1233","1","1950"
"2587","1234","1","1951"
"2587","1235","1","1952"
"2587","1236","1","1953"
"2587","1237","1","1954"
"2587","1238","1","1955"
"2587","1239","1","1956"
"2587","1240","1","1957"
"2587","1241","1","1958"
"2587","1242","1","1959"
"2761","1243","1","1960"
"2806","1243","1","1961"
"2690","1243","1","1962"
"2761","1246","1","1963"
"2806","1246","1","1964"
"2690","1246","1","1965"
"2761","1244","1","1966"
"2761","1247","1","1967"
"2806","1245","1","1968"
"2690","1245","1","1969"
"2806","1248","1","1970"
"2690","1248","1","1971"
"2721","1249","1","1972"
"2721","1250","1","1973"
"2721","1251","1","1974"
"2721","1252","1","1975"
"2721","1253","1","1976"
"2721","1254","1","1977"
"2721","1255","1","1978"
"2721","1256","1","1979"
"2721","1257","1","1980"
"2721","1258","1","1981"
"2721","1259","1","1982"
"2721","1260","1","1983"
"2731","1273","1","1984"
"2587","1274","1","1985"
"2761","1275","1","1986"
"2769","1276","1","1987"
"2769","1277","1","1988"
"2769","1278","1","1989"
"2769","1279","1","1990"
"2769","1280","1","1991"
"2770","1276","1","1992"
"2877","1281","1","1993"
"2877","1282","1","1994"
"2915","1283",\N,"1995"
"2916","1284","1","1996"
"2917","1285",\N,"1997"
"2243","1286",\N,"1998"
"2243","1287",\N,"1999"
"2243","1288",\N,"2000"
"2243","1289",\N,"2001"
"2243","1290",\N,"2002"
"2243","1291",\N,"2003"
"2243","1292",\N,"2004"
"1300","1293",\N,"2005"
"2593","1295","1","2006"
"2593","1296","1","2007"
"2593","1297","1","2008"
"2593","1298","1","2009"
"2593","1299","1","2010"
"2593","1300","1","2011"
"2593","1301","1","2012"
"2593","1302","1","2013"
"2593","1303","1","2014"
"2593","1304","1","2015"
"2593","1305","1","2016"
"2593","1306","1","2017"
"2593","1307","1","2018"
"2593","1308","1","2019"
"2593","1309","1","2020"
"2593","1310","1","2021"
"2593","1311","1","2022"
"2593","1312","1","2023"
"2593","1313","1","2024"
"2593","1314","1","2025"
"2593","1315","1","2026"
"2593","1316","1","2027"
"2593","1317","1","2028"
